{"resnet-18": {"training": {"values": [0.1885827240933265, 0.03587072595421757, 0.02133169542399368, 0.01985399064973795, 0.014020650364857699, 0.010799279517544034, 0.008617858111392707, 0.0067511303516637, 0.00568059244376075, 0.007595900034565213, 0.009511751582197445, 0.0063658565351423545, 0.0041071918042559575, 0.00167080768577372, 0.0016914751460197813, 0.003232670181595105, 0.006769427890373793, 0.006069615983246227, 0.006490411721253102, 0.0039692731245720226, 0.005252930862687728], "index": [1, 2, 3, 4, 5, 6, 7, 8, 9, 10, 11, 12, 13, 14, 15, 16, 17, 18, 19, 20, 21]}, "validation": {"values": [0.05089389958551952, 0.04935589485934803, 0.05231089198163578, 0.045432357383625846, 0.04905972204038075, 0.04987576098314354, 0.04439701751938888, 0.03815104200371674, 0.046267853783709664, 0.05892097790326391, 0.05653983833534377, 0.04771116269486291, 0.04058702103793621, 0.038297252995627265, 0.04755653307906219, 0.04297020046838692, 0.04781876850341048, 0.04289262608758041, 0.04421884406890188, 0.04075698581125055, 0.04379828487123762], "index": [1, 2, 3, 4, 5, 6, 7, 8, 9, 10, 11, 12, 13, 14, 15, 16, 17, 18, 19, 20, 21]}, "evaluation": {"training": {"name": "resnet-18", "time": "2023-05-03 23:35:20.689467", "mode": "training", "Accuracy": [0.9998928571428571, 0.9999464285714286, 0.9995, 0.9998928571428571, 0.9999821428571428, 0.9999107142857143, 0.9999821428571428, 0.9995357142857143, 0.9999107142857143, 0.9998392857142857], "Classification Error": [0.00010714285714285714, 5.357142857142857e-05, 0.0005, 0.00010714285714285714, 1.785714285714286e-05, 8.928571428571429e-05, 1.785714285714286e-05, 0.0004642857142857143, 8.928571428571429e-05, 0.0001607142857142857], "TP": [5498, 6283, 5639, 5701, 5390, 5051, 5527, 5811, 5471, 5584], "FP": [3, 3, 28, 0, 0, 3, 0, 0, 4, 4], "TN": [50496, 49714, 50333, 50293, 50609, 50944, 50472, 50163, 50524, 50407], "FN": [3, 0, 0, 6, 1, 2, 1, 26, 1, 5], "Precision": [0.9994546446100709, 0.999522748965956, 0.9950591141697547, 1.0, 1.0, 0.9994064107637515, 1.0, 1.0, 0.999269406392694, 0.9992841803865425], "Recall": [0.9994546446100709, 1.0, 1.0, 0.9989486595409147, 0.9998145056575775, 0.9996041955274094, 0.9998191027496383, 0.9955456570155902, 0.9998172514619883, 0.9991053855788156], "Specificity": [0.9999405928830274, 0.9999396584669228, 0.9994440142173507, 1.0, 1.0, 0.9999411152766601, 1.0, 1.0, 0.9999208359721342, 0.9999206522385987], "F1-Score": [0.9994546446100709, 0.9997613175272495, 0.9975234388820096, 0.9994740532959328, 0.9999072442259531, 0.9995052933610368, 0.9999095431931254, 0.9977678571428571, 0.9995432538595047, 0.9991947749843428], "confusion_matrix": [[5498, 0, 0, 0, 0, 1, 0, 0, 0, 2], [3, 6283, 0, 0, 0, 0, 0, 0, 0, 0], [0, 0, 5639, 2, 1, 0, 1, 24, 0, 0], [0, 0, 0, 5701, 0, 0, 0, 0, 0, 0], [0, 0, 0, 0, 5390, 0, 0, 0, 0, 0], [0, 0, 0, 3, 0, 5051, 0, 0, 0, 0], [0, 0, 0, 0, 0, 0, 5527, 0, 0, 0], [0, 0, 0, 0, 0, 0, 0, 5811, 0, 0], [0, 0, 0, 0, 0, 1, 0, 0, 5471, 3], [0, 0, 0, 1, 0, 0, 0, 2, 1, 5584]], "Classes": ["0", "1", "2", "3", "4", "5", "6", "7", "8", "9"], "Total Accuracy": 0.9998392857142857}, "validation": {"name": "resnet-18", "time": "2023-05-03 23:35:21.574246", "mode": "validation", "Accuracy": [0.999, 0.9988571428571429, 0.9975714285714286, 0.9984285714285714, 0.9975714285714286, 0.9984285714285714, 0.9987142857142857, 0.9965714285714286, 0.9975714285714286, 0.997], "Classification Error": [0.001, 0.001142857142857143, 0.0024285714285714284, 0.0015714285714285715, 0.0024285714285714284, 0.0015714285714285715, 0.0012857142857142856, 0.0034285714285714284, 0.0024285714285714284, 0.003], "TP": [715, 803, 664, 711, 680, 623, 681, 732, 658, 662], "FP": [5, 5, 13, 2, 9, 4, 4, 7, 16, 6], "TN": [6278, 6189, 6319, 6278, 6303, 6366, 6310, 6244, 6325, 6317], "FN": [2, 3, 4, 9, 8, 7, 5, 17, 1, 15], "Precision": [0.9930555555555556, 0.9938118811881188, 0.9807976366322009, 0.9971949509116409, 0.9869375907111756, 0.9936204146730463, 0.9941605839416059, 0.9905277401894452, 0.9762611275964391, 0.9910179640718563], "Recall": [0.99721059972106, 0.9962779156327544, 0.9940119760479041, 0.9875, 0.9883720930232558, 0.9888888888888889, 0.9927113702623906, 0.9773030707610146, 0.9984825493171472, 0.9778434268833087], "Specificity": [0.9992042018144198, 0.9991927671940588, 0.9979469361970941, 0.9996815286624203, 0.998574144486692, 0.9993720565149137, 0.9993664871713652, 0.9988801791713325, 0.9974767386847501, 0.9990510833465127], "F1-Score": [0.9951287404314543, 0.9950433705080546, 0.9873605947955391, 0.9923237962316818, 0.9876543209876543, 0.9912490055688147, 0.9934354485776805, 0.9838709677419355, 0.9872468117029258, 0.9843866171003717], "confusion_matrix": [[715, 0, 0, 0, 1, 0, 4, 0, 0, 0], [0, 803, 0, 0, 0, 0, 0, 5, 0, 0], [1, 1, 664, 3, 0, 0, 0, 6, 0, 2], [0, 0, 0, 711, 0, 1, 0, 0, 0, 1], [0, 0, 1, 0, 680, 0, 0, 3, 0, 5], [0, 0, 0, 3, 0, 623, 0, 0, 1, 0], [0, 1, 0, 0, 2, 1, 681, 0, 0, 0], [0, 1, 1, 0, 1, 1, 0, 732, 0, 3], [1, 0, 2, 3, 0, 4, 1, 1, 658, 4], [0, 0, 0, 0, 4, 0, 0, 2, 0, 662]], "Classes": ["0", "1", "2", "3", "4", "5", "6", "7", "8", "9"], "Total Accuracy": 0.9979714285714286}}, "model_details": {}}, "resnet-34": {"training": {"values": [0.25092085843373624, 0.04007614477138434, 0.027778567613235543, 0.01830563698396353, 0.015547624822439892, 0.013214332696017144, 0.010059371507460517, 0.010477776556009693, 0.007945020994936516, 0.005490025668612881, 0.007114175508572121, 0.008733620534517936, 0.006543023632340399, 0.005259756278454526, 0.004586064455777107, 0.005352529660740402, 0.00753031357245553, 0.00686668275219355, 0.005619875247897913, 0.004786681269511713, 0.0019659419459847932], "index": [1, 2, 3, 4, 5, 6, 7, 8, 9, 10, 11, 12, 13, 14, 15, 16, 17, 18, 19, 20, 21]}, "validation": {"values": [0.05910334416798183, 0.06648062488862447, 0.05556700857622283, 0.0475500263273716, 0.055551059011902125, 0.04601652707372393, 0.04541467289839472, 0.05261816031166485, 0.039930429708744795, 0.04479125913764749, 0.05366825671600444, 0.04578751804573195, 0.04954670582498823, 0.04366801625915936, 0.04582827564861093, 0.05085541108357055, 0.04908661012138639, 0.05783806395317827, 0.04646282057676997, 0.04479923924165113, 0.045985647078071325], "index": [1, 2, 3, 4, 5, 6, 7, 8, 9, 10, 11, 12, 13, 14, 15, 16, 17, 18, 19, 20, 21]}, "evaluation": {"training": {"name": "resnet-34", "time": "2023-05-03 23:40:23.213902", "mode": "training", "Accuracy": [0.9999821428571428, 0.9999464285714286, 0.9999107142857143, 0.9999642857142857, 0.9999464285714286, 0.9999464285714286, 0.9999464285714286, 0.9998928571428571, 0.9999642857142857, 0.9998571428571429], "Classification Error": [1.785714285714286e-05, 5.357142857142857e-05, 8.928571428571429e-05, 3.571428571428572e-05, 5.357142857142857e-05, 5.357142857142857e-05, 5.357142857142857e-05, 0.00010714285714285714, 3.571428571428572e-05, 0.00014285714285714287], "TP": [5501, 6283, 5636, 5707, 5391, 5050, 5528, 5831, 5470, 5585], "FP": [1, 3, 2, 2, 3, 0, 3, 0, 0, 4], "TN": [50498, 49714, 50359, 50291, 50606, 50947, 50469, 50163, 50528, 50407], "FN": [0, 0, 3, 0, 0, 3, 0, 6, 2, 4], "Precision": [0.999818247909851, 0.999522748965956, 0.9996452642781128, 0.999649675950254, 0.9994438264738599, 1.0, 0.9994576026035075, 1.0, 1.0, 0.9992843084630524], "Recall": [1.0, 1.0, 0.9994679907785068, 1.0, 1.0, 0.9994062932911142, 1.0, 0.9989720746959054, 0.9996345029239766, 0.9992843084630524], "Specificity": [0.9999801976276758, 0.9999396584669228, 0.9999602867298107, 0.9999602330344183, 0.9999407220059673, 1.0, 0.999940561103186, 1.0, 1.0, 0.9999206522385987], "F1-Score": [0.9999091156957194, 0.9997613175272495, 0.9995566196683515, 0.9998248072880168, 0.9997218358831711, 0.9997030584974761, 0.999728727733068, 0.999485773054508, 0.9998172180588558, 0.9992843084630524],