{"mu": 33.356904723943146, "sigma": 221023.16534091093}